Product,Skin,Normal Price,Sale Price
Five-SeveN,Forest Night (Field-Tested),$0.04 USD,$0.03 USD
Five-SeveN,Forest Night (Battle-Scarred),$0.04 USD,$0.03 USD
Five-SeveN,Forest Night (Well-Worn),$0.04 USD,$0.03 USD
Five-SeveN,Coolant (Field-Tested),$0.04 USD,$0.03 USD
Five-SeveN,Coolant (Battle-Scarred),$0.04 USD,$0.03 USD
Five-SeveN,Forest Night (Minimal Wear),$0.04 USD,$0.03 USD
Five-SeveN,Coolant (Well-Worn),$0.04 USD,$0.03 USD
Five-SeveN,Coolant (Minimal Wear),$0.05 USD,$0.04 USD
Five-SeveN,Orange Peel (Well-Worn),$0.06 USD,$0.05 USD
Five-SeveN,Orange Peel (Field-Tested),$0.06 USD,$0.05 USD
Five-SeveN,Orange Peel (Battle-Scarred),$0.07 USD,$0.06 USD
Five-SeveN,Orange Peel (Minimal Wear),$0.08 USD,$0.07 USD
Five-SeveN,Coolant (Factory New),$0.08 USD,$0.07 USD
Five-SeveN,Scumbria (Field-Tested),$0.08 USD,$0.07 USD
Five-SeveN,Flame Test (Field-Tested),$0.09 USD,$0.08 USD
Five-SeveN,Scumbria (Battle-Scarred),$0.09 USD,$0.08 USD
Five-SeveN,Scumbria (Well-Worn),$0.09 USD,$0.08 USD
Five-SeveN,Capillary (Field-Tested),$0.09 USD,$0.08 USD
Five-SeveN,Capillary (Battle-Scarred),$0.09 USD,$0.08 USD
Five-SeveN,Flame Test (Battle-Scarred),$0.09 USD,$0.08 USD
Five-SeveN,Flame Test (Well-Worn),$0.10 USD,$0.09 USD
Five-SeveN,Flame Test (Minimal Wear),$0.11 USD,$0.10 USD
Souvenir Five-SeveN,Contractor (Field-Tested),$0.11 USD,$0.10 USD
Five-SeveN,Capillary (Minimal Wear),$0.11 USD,$0.10 USD
Five-SeveN,Scumbria (Minimal Wear),$0.11 USD,$0.10 USD
Five-SeveN,Capillary (Well-Worn),$0.12 USD,$0.11 USD
Five-SeveN,Violent Daimyo (Battle-Scarred),$0.12 USD,$0.11 USD
Souvenir Five-SeveN,Contractor (Battle-Scarred),$0.12 USD,$0.11 USD
Souvenir Five-SeveN,Forest Night (Field-Tested),$0.12 USD,$0.11 USD
Souvenir Five-SeveN,Coolant (Field-Tested),$0.12 USD,$0.11 USD
Five-SeveN,Forest Night (Factory New),$0.12 USD,$0.11 USD
Five-SeveN,Violent Daimyo (Field-Tested),$0.12 USD,$0.11 USD
Souvenir Five-SeveN,Contractor (Well-Worn),$0.15 USD,$0.14 USD
Souvenir Five-SeveN,Forest Night (Battle-Scarred),$0.16 USD,$0.15 USD
Five-SeveN,Hot Shot (Battle-Scarred),$0.19 USD,$0.18 USD
Five-SeveN,Violent Daimyo (Minimal Wear),$0.20 USD,$0.19 USD
Five-SeveN,Hot Shot (Well-Worn),$0.20 USD,$0.19 USD
StatTrak™ Five-SeveN,Scumbria (Well-Worn),$0.20 USD,$0.19 USD
Five-SeveN,Contractor (Field-Tested),$0.21 USD,$0.20 USD
StatTrak™ Five-SeveN,Scumbria (Field-Tested),$0.21 USD,$0.20 USD
Five-SeveN,Flame Test (Factory New),$0.21 USD,$0.20 USD
Souvenir Five-SeveN,Forest Night (Well-Worn),$0.21 USD,$0.20 USD
StatTrak™ Five-SeveN,Scumbria (Battle-Scarred),$0.23 USD,$0.22 USD
Five-SeveN,Capillary (Factory New),$0.24 USD,$0.23 USD
Five-SeveN,Contractor (Battle-Scarred),$0.24 USD,$0.23 USD
StatTrak™ Five-SeveN,Flame Test (Field-Tested),$0.25 USD,$0.24 USD
Souvenir Five-SeveN,Orange Peel (Field-Tested),$0.25 USD,$0.24 USD
StatTrak™ Five-SeveN,Capillary (Field-Tested),$0.26 USD,$0.25 USD
Souvenir Five-SeveN,Coolant (Battle-Scarred),$0.27 USD,$0.26 USD
StatTrak™ Five-SeveN,Flame Test (Battle-Scarred),$0.28 USD,$0.27 USD
Five-SeveN,Silver Quartz (Field-Tested),$0.29 USD,$0.28 USD
Souvenir Five-SeveN,Hot Shot (Battle-Scarred),$0.29 USD,$0.28 USD
Five-SeveN,Silver Quartz (Well-Worn),$0.29 USD,$0.28 USD
Five-SeveN,Hot Shot (Field-Tested),$0.30 USD,$0.29 USD
Souvenir Five-SeveN,Hot Shot (Field-Tested),$0.30 USD,$0.29 USD
Souvenir Five-SeveN,Coolant (Well-Worn),$0.30 USD,$0.29 USD
Souvenir Five-SeveN,Contractor (Minimal Wear),$0.31 USD,$0.30 USD
Five-SeveN,Scumbria (Factory New),$0.31 USD,$0.30 USD
Five-SeveN,Kami (Minimal Wear),$0.32 USD,$0.31 USD
Five-SeveN,Orange Peel (Factory New),$0.34 USD,$0.33 USD
Five-SeveN,Violent Daimyo (Well-Worn),$0.34 USD,$0.33 USD
Five-SeveN,Contractor (Well-Worn),$0.35 USD,$0.34 USD
StatTrak™ Five-SeveN,Capillary (Battle-Scarred),$0.35 USD,$0.34 USD
Five-SeveN,Kami (Field-Tested),$0.35 USD,$0.34 USD
Five-SeveN,Urban Hazard (Minimal Wear),$0.36 USD,$0.35 USD
Five-SeveN,Urban Hazard (Field-Tested),$0.37 USD,$0.36 USD
Five-SeveN,Jungle (Battle-Scarred),$0.37 USD,$0.36 USD
Five-SeveN,Buddy (Battle-Scarred),$0.38 USD,$0.37 USD
StatTrak™ Five-SeveN,Scumbria (Minimal Wear),$0.38 USD,$0.37 USD
Souvenir Five-SeveN,Coolant (Minimal Wear),$0.38 USD,$0.37 USD
Five-SeveN,Contractor (Minimal Wear),$0.39 USD,$0.38 USD
Souvenir Five-SeveN,Hot Shot (Well-Worn),$0.40 USD,$0.39 USD
Five-SeveN,Buddy (Well-Worn),$0.41 USD,$0.40 USD
Souvenir Five-SeveN,Forest Night (Minimal Wear),$0.41 USD,$0.40 USD
StatTrak™ Five-SeveN,Flame Test (Minimal Wear),$0.42 USD,$0.41 USD
Five-SeveN,Jungle (Field-Tested),$0.42 USD,$0.41 USD
Five-SeveN,Silver Quartz (Minimal Wear),$0.42 USD,$0.41 USD
StatTrak™ Five-SeveN,Capillary (Minimal Wear),$0.43 USD,$0.42 USD
Five-SeveN,Urban Hazard (Factory New),$0.43 USD,$0.42 USD
StatTrak™ Five-SeveN,Flame Test (Well-Worn),$0.43 USD,$0.42 USD
Five-SeveN,Nightshade (Field-Tested),$0.46 USD,$0.44 USD
Souvenir Five-SeveN,Orange Peel (Battle-Scarred),$0.47 USD,$0.45 USD
Five-SeveN,Hot Shot (Minimal Wear),$0.47 USD,$0.45 USD
StatTrak™ Five-SeveN,Violent Daimyo (Field-Tested),$0.50 USD,$0.48 USD
Five-SeveN,Triumvirate (Field-Tested),$0.51 USD,$0.49 USD
Souvenir Five-SeveN,Orange Peel (Well-Worn),$0.51 USD,$0.49 USD
Five-SeveN,Violent Daimyo (Factory New),$0.52 USD,$0.50 USD
Five-SeveN,Buddy (Field-Tested),$0.52 USD,$0.50 USD
Five-SeveN,Kami (Factory New),$0.53 USD,$0.51 USD
Five-SeveN,Nightshade (Battle-Scarred),$0.55 USD,$0.53 USD
Five-SeveN,Triumvirate (Battle-Scarred),$0.55 USD,$0.53 USD
Five-SeveN,Jungle (Well-Worn),$0.59 USD,$0.57 USD
StatTrak™ Five-SeveN,Capillary (Well-Worn),$0.59 USD,$0.57 USD
Five-SeveN,Nightshade (Factory New),$0.60 USD,$0.58 USD
Five-SeveN,Nightshade (Minimal Wear),$0.60 USD,$0.58 USD
StatTrak™ Five-SeveN,Violent Daimyo (Battle-Scarred),$0.60 USD,$0.58 USD
Five-SeveN,Triumvirate (Well-Worn),$0.62 USD,$0.60 USD
Five-SeveN,Nightshade (Well-Worn),$0.63 USD,$0.61 USD
Five-SeveN,Silver Quartz (Factory New),$0.66 USD,$0.64 USD
Five-SeveN,Buddy (Minimal Wear),$0.74 USD,$0.71 USD
StatTrak™ Five-SeveN,Kami (Field-Tested),$0.80 USD,$0.77 USD
StatTrak™ Five-SeveN,Flame Test (Factory New),$0.86 USD,$0.83 USD
Five-SeveN,Triumvirate (Minimal Wear),$0.88 USD,$0.85 USD
Souvenir Five-SeveN,Coolant (Factory New),$0.89 USD,$0.86 USD
Five-SeveN,Retrobution (Battle-Scarred),$0.94 USD,$0.90 USD
StatTrak™ Five-SeveN,Kami (Minimal Wear),$0.98 USD,$0.94 USD
Five-SeveN,Retrobution (Well-Worn),$1.01 USD,$0.97 USD
Five-SeveN,Retrobution (Field-Tested),$1.04 USD,$1.00 USD
Five-SeveN,Buddy (Factory New),$1.04 USD,$1.00 USD
StatTrak™ Five-SeveN,Violent Daimyo (Well-Worn),$1.08 USD,$1.04 USD
Souvenir Five-SeveN,Orange Peel (Minimal Wear),$1.08 USD,$1.04 USD
StatTrak™ Five-SeveN,Buddy (Battle-Scarred),$1.11 USD,$1.07 USD
Five-SeveN,Jungle (Minimal Wear),$1.12 USD,$1.08 USD
StatTrak™ Five-SeveN,Capillary (Factory New),$1.19 USD,$1.14 USD
StatTrak™ Five-SeveN,Violent Daimyo (Minimal Wear),$1.22 USD,$1.17 USD
StatTrak™ Five-SeveN,Urban Hazard (Field-Tested),$1.26 USD,$1.21 USD
Five-SeveN,Hot Shot (Factory New),$1.26 USD,$1.21 USD
StatTrak™ Five-SeveN,Nightshade (Field-Tested),$1.26 USD,$1.21 USD
StatTrak™ Five-SeveN,Buddy (Well-Worn),$1.27 USD,$1.22 USD
Souvenir Five-SeveN,Hot Shot (Minimal Wear),$1.34 USD,$1.29 USD
StatTrak™ Five-SeveN,Scumbria (Factory New),$1.33 USD,$1.28 USD
StatTrak™ Five-SeveN,Buddy (Field-Tested),$1.34 USD,$1.29 USD
Five-SeveN,Copper Galaxy (Field-Tested),$1.41 USD,$1.35 USD
StatTrak™ Five-SeveN,Urban Hazard (Minimal Wear),$1.45 USD,$1.39 USD
Five-SeveN,Copper Galaxy (Minimal Wear),$1.49 USD,$1.43 USD
StatTrak™ Five-SeveN,Kami (Factory New),$1.51 USD,$1.45 USD
Five-SeveN,Triumvirate (Factory New),$1.53 USD,$1.47 USD
StatTrak™ Five-SeveN,Nightshade (Well-Worn),$1.76 USD,$1.69 USD
Five-SeveN,Anodized Gunmetal (Minimal Wear),$1.79 USD,$1.72 USD
Five-SeveN,Fowl Play (Field-Tested),$1.84 USD,$1.76 USD
Five-SeveN,Fowl Play (Battle-Scarred),$1.87 USD,$1.79 USD
StatTrak™ Five-SeveN,Nightshade (Factory New),$1.89 USD,$1.81 USD
Five-SeveN,Fowl Play (Well-Worn),$1.90 USD,$1.82 USD
StatTrak™ Five-SeveN,Nightshade (Minimal Wear),$1.91 USD,$1.83 USD
Five-SeveN,Anodized Gunmetal (Factory New),$1.96 USD,$1.88 USD
Five-SeveN,Copper Galaxy (Factory New),$2.00 USD,$1.92 USD
Five-SeveN,Monkey Business (Battle-Scarred),$2.08 USD,$1.99 USD
StatTrak™ Five-SeveN,Triumvirate (Battle-Scarred),$2.09 USD,$2.00 USD
Five-SeveN,Monkey Business (Well-Worn),$2.09 USD,$2.00 USD
Five-SeveN,Crimson Blossom (Field-Tested),$2.12 USD,$2.03 USD
Five-SeveN,Retrobution (Minimal Wear),$2.12 USD,$2.03 USD
Five-SeveN,Crimson Blossom (Battle-Scarred),$2.13 USD,$2.04 USD
StatTrak™ Five-SeveN,Urban Hazard (Factory New),$2.15 USD,$2.06 USD
StatTrak™ Five-SeveN,Nightshade (Battle-Scarred),$2.16 USD,$2.07 USD
Five-SeveN,Monkey Business (Field-Tested),$2.22 USD,$2.13 USD
StatTrak™ Five-SeveN,Triumvirate (Field-Tested),$2.27 USD,$2.18 USD
Five-SeveN,Crimson Blossom (Well-Worn),$2.30 USD,$2.20 USD
Five-SeveN,Crimson Blossom (Minimal Wear),$2.30 USD,$2.20 USD
StatTrak™ Five-SeveN,Retrobution (Well-Worn),$2.34 USD,$2.24 USD
StatTrak™ Five-SeveN,Triumvirate (Well-Worn),$2.35 USD,$2.25 USD
Five-SeveN,Case Hardened (Battle-Scarred),$2.39 USD,$2.29 USD
StatTrak™ Five-SeveN,Buddy (Minimal Wear),$2.54 USD,$2.43 USD
StatTrak™ Five-SeveN,Violent Daimyo (Factory New),$2.50 USD,$2.40 USD
StatTrak™ Five-SeveN,Retrobution (Battle-Scarred),$2.61 USD,$2.50 USD
StatTrak™ Five-SeveN,Retrobution (Field-Tested),$2.66 USD,$2.55 USD
Five-SeveN,Case Hardened (Well-Worn),$2.78 USD,$2.66 USD
Five-SeveN,Case Hardened (Field-Tested),$2.91 USD,$2.79 USD
Five-SeveN,Fowl Play (Minimal Wear),$2.93 USD,$2.81 USD
Five-SeveN,Crimson Blossom (Factory New),$3.02 USD,$2.89 USD
Souvenir Five-SeveN,Contractor (Factory New),$3.22 USD,$3.08 USD
StatTrak™ Five-SeveN,Triumvirate (Minimal Wear),$3.26 USD,$3.12 USD
Five-SeveN,Angry Mob (Battle-Scarred),$3.61 USD,$3.46 USD
StatTrak™ Five-SeveN,Copper Galaxy (Field-Tested),$3.69 USD,$3.53 USD
Five-SeveN,Angry Mob (Field-Tested),$3.71 USD,$3.55 USD
Five-SeveN,Nitro (Battle-Scarred),$3.75 USD,$3.59 USD
StatTrak™ Five-SeveN,Buddy (Factory New),$3.83 USD,$3.67 USD
StatTrak™ Five-SeveN,Fowl Play (Field-Tested),$4.00 USD,$3.83 USD
Five-SeveN,Nitro (Well-Worn),$4.19 USD,$4.01 USD
StatTrak™ Five-SeveN,Fowl Play (Battle-Scarred),$4.21 USD,$4.03 USD
StatTrak™ Five-SeveN,Fowl Play (Well-Worn),$4.22 USD,$4.04 USD
StatTrak™ Five-SeveN,Monkey Business (Battle-Scarred),$4.41 USD,$4.22 USD
Five-SeveN,Retrobution (Factory New),$4.42 USD,$4.23 USD
Five-SeveN,Case Hardened (Minimal Wear),$4.44 USD,$4.25 USD
Five-SeveN,Nitro (Field-Tested),$4.44 USD,$4.25 USD
Five-SeveN,Angry Mob (Well-Worn),$4.44 USD,$4.25 USD
Five-SeveN,Jungle (Factory New),$4.62 USD,$4.42 USD
StatTrak™ Five-SeveN,Monkey Business (Well-Worn),$4.88 USD,$4.67 USD
Souvenir Five-SeveN,Forest Night (Factory New),$4.92 USD,$4.71 USD
StatTrak™ Five-SeveN,Copper Galaxy (Minimal Wear),$4.99 USD,$4.78 USD
Five-SeveN,Nitro (Minimal Wear),$5.25 USD,$5.03 USD
StatTrak™ Five-SeveN,Monkey Business (Field-Tested),$5.43 USD,$5.20 USD
StatTrak™ Five-SeveN,Copper Galaxy (Factory New),$5.49 USD,$5.26 USD
Five-SeveN,Fowl Play (Factory New),$5.72 USD,$5.48 USD
Five-SeveN,Contractor (Factory New),$6.00 USD,$5.74 USD
StatTrak™ Five-SeveN,Triumvirate (Factory New),$6.06 USD,$5.80 USD
Five-SeveN,Nitro (Factory New),$6.71 USD,$6.42 USD
StatTrak™ Five-SeveN,Retrobution (Minimal Wear),$6.86 USD,$6.57 USD
Five-SeveN,Angry Mob (Minimal Wear),$6.91 USD,$6.61 USD
Souvenir Five-SeveN,Hot Shot (Factory New),$7.07 USD,$6.77 USD
StatTrak™ Five-SeveN,Case Hardened (Well-Worn),$7.43 USD,$7.11 USD
StatTrak™ Five-SeveN,Case Hardened (Battle-Scarred),$7.56 USD,$7.24 USD
StatTrak™ Five-SeveN,Fowl Play (Minimal Wear),$8.05 USD,$7.70 USD
StatTrak™ Five-SeveN,Angry Mob (Battle-Scarred),$8.86 USD,$8.48 USD
Five-SeveN,Monkey Business (Minimal Wear),$9.02 USD,$8.63 USD
StatTrak™ Five-SeveN,Case Hardened (Field-Tested),$9.46 USD,$9.05 USD
Five-SeveN,Case Hardened (Factory New),$10.05 USD,$9.62 USD
StatTrak™ Five-SeveN,Angry Mob (Field-Tested),$10.12 USD,$9.68 USD
StatTrak™ Five-SeveN,Angry Mob (Well-Worn),$10.30 USD,$9.86 USD
Five-SeveN,Hyper Beast (Battle-Scarred),$11.08 USD,$10.60 USD
StatTrak™ Five-SeveN,Case Hardened (Minimal Wear),$13.20 USD,$12.63 USD
Five-SeveN,Hyper Beast (Well-Worn),$13.19 USD,$12.62 USD
Five-SeveN,Angry Mob (Factory New),$15.18 USD,$14.52 USD
StatTrak™ Five-SeveN,Fowl Play (Factory New),$15.49 USD,$14.82 USD
Souvenir Five-SeveN,Silver Quartz (Field-Tested),$16.56 USD,$15.84 USD
Five-SeveN,Hyper Beast (Field-Tested),$17.19 USD,$16.45 USD
StatTrak™ Five-SeveN,Retrobution (Factory New),$17.65 USD,$16.89 USD
Five-SeveN,Candy Apple (Minimal Wear),$19.22 USD,$18.39 USD
Five-SeveN,Candy Apple (Factory New),$20.96 USD,$20.05 USD
Five-SeveN,Candy Apple (Field-Tested),$21.48 USD,$20.55 USD
Souvenir Five-SeveN,Orange Peel (Factory New),$22.21 USD,$21.25 USD
StatTrak™ Five-SeveN,Angry Mob (Minimal Wear),$23.64 USD,$22.62 USD
Five-SeveN,Hyper Beast (Minimal Wear),$27.28 USD,$26.10 USD
Five-SeveN,Neon Kimono (Battle-Scarred),$32.01 USD,$30.62 USD
StatTrak™ Five-SeveN,Monkey Business (Minimal Wear),$33.42 USD,$31.97 USD
Five-SeveN,Neon Kimono (Field-Tested),$36.75 USD,$35.16 USD
StatTrak™ Five-SeveN,Hyper Beast (Battle-Scarred),$36.92 USD,$35.32 USD
StatTrak™ Five-SeveN,Case Hardened (Factory New),$36.68 USD,$35.09 USD
Five-SeveN,Neon Kimono (Minimal Wear),$46.93 USD,$44.89 USD
Five-SeveN,Neon Kimono (Factory New),$52.62 USD,$50.34 USD
StatTrak™ Five-SeveN,Angry Mob (Factory New),$52.91 USD,$50.61 USD
Five-SeveN,Neon Kimono (Well-Worn),$53.93 USD,$51.59 USD
StatTrak™ Five-SeveN,Hyper Beast (Field-Tested),$56.51 USD,$54.06 USD
Souvenir Five-SeveN,Silver Quartz (Minimal Wear),$68.10 USD,$65.14 USD
Five-SeveN,Hyper Beast (Factory New),$68.74 USD,$65.76 USD
StatTrak™ Five-SeveN,Hyper Beast (Minimal Wear),$123.67 USD,$118.30 USD
StatTrak™ Five-SeveN,Hyper Beast (Factory New),$392.27 USD,$375.22 USD
